feature,gini_importance,permutation_importance
气郁质,0.04022905465244274,-0.008333333333333304
阳虚质,0.031720591955866524,-0.009666666666666646
湿热质,0.03019637470662233,0.0010000000000000343
血瘀质,0.029765731120206043,0.007000000000000029
气虚质,0.028238598564192138,0.009333333333333383
平和质,0.0274029341878929,-0.0009999999999999675
阴虚质,0.02654061252652912,0.003000000000000014
特禀质,0.025161578099103105,-0.0013333333333332865
