feature,gini_importance,permutation_importance
痰湿质,0.00220175718291903,0.0
阴虚质,0.0018068284573738687,0.0
血瘀质,0.0015926771151652166,0.0
气虚质,0.0015673787322951923,0.0
湿热质,0.00147184724188505,0.0
平和质,0.0013281868347037357,0.0
气郁质,0.0012411903369067832,0.0
阳虚质,0.0006939776723656264,0.0
特禀质,0.000518566641591825,0.0
