ID,cost,reduction,marginal,c,s,f
1,552.0,7.532821655273437,0.23393694559733066,2,1,1
2,300.0,13.390247344970703,0.1973570982615153,1,2,1
3,300.0,13.758071899414062,0.20189420382181802,1,2,1
