feature,gini_importance,permutation_importance
气郁质,0.009757622743243908,0.0003333333333333299
血瘀质,0.007007059008893561,0.0023333333333333097
气虚质,0.006385272593542539,0.0
阳虚质,0.006183519920061784,0.0003333333333333299
湿热质,0.004954274319298947,0.0
平和质,0.004949323813682147,0.0003333333333333299
特禀质,0.00464419977907955,0.0
阴虚质,0.0021318424395510185,0.0
