feature,gini_importance,permutation_importance
气郁质,0.022351808435402507,-0.0016666666666666275
阳虚质,0.014128720674417032,-0.003999999999999971
痰湿质,0.014027032070735548,0.00966666666666669
血瘀质,0.013932955091136824,0.008666666666666711
气虚质,0.013492516242025647,0.002000000000000046
湿热质,0.012788604864970137,0.002333333333333365
平和质,0.012679264218648187,0.004333333333333378
特禀质,0.010165127650173451,0.00033333333333336325
阴虚质,0.008732129701988367,0.004000000000000048
