feature,gini_importance,permutation_importance
气郁质,0.007820401294698133,1.1102230246251566e-17
阴虚质,0.005935945040419069,0.0036666666666667403
血瘀质,0.005688450658913481,-0.00033333333333330774
阳虚质,0.005494225977262889,0.003000000000000047
湿热质,0.005332308792577227,0.005333333333333379
平和质,0.0049636411487998305,0.000666666666666682
特禀质,0.0043053284481727,0.000333333333333341
气虚质,0.00413116838645442,0.0026666666666667173
痰湿质,0.003053370192568709,0.0
