feature,gini_importance,permutation_importance
气郁质,0.006800704304983721,0.0009999999999999898
血瘀质,0.0060574540448810645,0.0
痰湿质,0.004775845909920755,0.0
阳虚质,0.003979194639446481,0.0
气虚质,0.003898398678884865,0.0
平和质,0.003346397508403273,0.0
湿热质,0.003141991040992336,0.0
阴虚质,0.002496826524797531,0.0
特禀质,0.001874769084309735,0.0
