feature,pearson_r,pearson_p,spearman_r,spearman_p
TC（总胆固醇）,-0.04182875481238091,0.1862795799446655,-0.03521366200089205,0.26592062844374437
TG（甘油三酯）,-0.019580481614922984,0.5362628948716094,-0.0157614110431769,0.6186058991575422
HDL-C（高密度脂蛋白）,0.015118932039062017,0.6329833888195446,0.013898416734474792,0.6606774556050732
LDL-C（低密度脂蛋白）,0.016462797416680164,0.603075090128424,0.009876766064914007,0.7550802423656123
BMI,-0.0057771695995861155,0.8552192535663433,-0.02202513215730273,0.48661102223107583
活动量表总分（ADL总分+IADL总分）,-0.011685732417335542,0.7120638306667109,-0.017826971319360417,0.5733817731729224
