feature,importance,std
气虚质,0.004127134724857584,0.002046232362562321
血瘀质,0.0028395229059364536,0.001662884405482842
平和质,0.0023515857956084574,0.001838540541767427
阴虚质,0.0015044727568446325,0.0014081617908671738
气郁质,0.0014095960965030297,0.0020679665482683535
湿热质,0.001402819192192939,0.0012050890868189456
特禀质,-0.0008064516129033472,0.0012831276872494676
痰湿质,-0.0013757115749526538,0.0017935253624360658
阳虚质,-0.0024193548387097643,0.0013812421630155546
